Name,MTOW [kg],Payload [kg],Wingspan [m],Length [m],Cruise Speed [m/s],Max speed [m/s],Stall Speed [m/s],Range [km],Endurance [h],Altitude [m],Altitude [ft],Airfoil,Aspect ratio,Chord (est.) [m],Rotor/Prop diameter [m],Additional info,Type,Ref1,Ref2,Ref3,Ref4
AAI (Textron) RQ-7A Shadow,150,,3.90,3.4,58,,,735,5,4500 (ceiling),14000,NACA 4415,7,0.55,,piston engine,,[8],[6],[9],
AAI Aerosonde,25,3.1,2.95,1.7,31,41,,3000,10,4500 (service ceiling),15000,NACA 4415,15.3,0.2,,gasoline engine,,[18],[17],,
Aeromapper Avem,2,0.7,2.14,,16.7,,,20,3,3500 (max altitude),11500,,,,,,,[116],,,
Aeronautics Defense Aerolight,40,8,4.00,2.56,25.6,51.4,,150,4,3000,10000 (ceiling),,,,,11 hp engine,,[124],[125],,
Aeronautics Defense Orbiter 3,30,5.5,4.40,,,36,,150,7,5486 (service ceiling),18000,,,,,electric engine,,[29],[30],,
Aerostar Tactical UAS,230,50,8.70,4.5,,56.6,,250,12,,,,,,,38 hp combustion engine,,[57],,,
Aerovel Flexrotor,22,,3.00,2,23,45,,100,24+,5500 (max altitude),18000,,,,1.85,gasoline engine,,[104],,,
AeroVironment RQ-14a Dragon Eye,2.7,1,1.10,0.9,10,18,,5,1,150 (operating altitude),500 AGL (max operating altitude),LA2573A,3.7,0.3,,2 electric motors,,[36],[37],[38],[22]
AeroVironment RQ-20 Puma 3AE,6.8,,2.80,1.4,18,23,,60,2.5,150,500 AGL (operating altitude),SD7032,7.4,0.38,,,,[19],[20],[21],[22]
AeroVironment Wasp AE-RQ 12A,1.3,,1.02,0.76,10.3,23.2,,5,0.8,152 (operating altitude),500 AGL (operating altitude),,,,,,,[39],,,
AeroVironment RQ-11B Raven ,1.9,0.2,1.40,0.9,11.6,22.5,,10,1.5,"150, 4600","500 AGL (operating altitude), 15000 MSL (max launch)",,6,0.22,,electric engine,,[23],[24],[25],[26]
AgEagle RX-60,3.2,,1.37,0.7,17.9,21.9,,,1,1300,400 AGL (operational altitude),,,,,2 batteries,,[111],[112],,
Airbus Atlante,570,100,8.00,5.47,37.5,55.6,,200,10+,"3000 (cruise), 6000 (maximum)","10000, 20000",,,,,,,[83],,,
Airbus VSR700,700,,,6.2,,51.4,,,10+,6000 (ceiling),20000,,,,7.2,Fuel engine,rotary-wing,[123],,,
Alpha 800,14,3,,1.7,15.3,,,,2.5,3000 (ceiling),10000,,,,1.8,gasoline engine,rotary-wing,[119],,,
Bayraktar Akinci,5500,1350,20.00,12.2,83.3,,,11500,24,12000,40000 (operational altitude),,,,,2x750 hp turboprop engine,,[88],[89],,
Bayraktar Mini UAV,5,1,2.00,1.2,30.9,,,15,1.33,1000 (operational altitude),3300,,,,,electric engine,,[92],[93],,
Bayraktar TB2,630,55,12.00,6.5,36,,,150,24,8200,27030 (operational altitude),,,,,100 hp combustion engine,,[90],,,
Bayraktar VTOL,30,5,5.00,1.5,23.2-25.7,41.2,,150,12,"2700, 4600","9000 (operational altitude), 15000 (altitude ceiling)",,,,,,hybrid,[91],,,
BHE BXAP15,17,3,3.70,1.7,16.7-27.8,,,15,1.7,4000 (ceiling),13000,,,,,electric engine (1200W),,[40],,,
BlueBird SpyLite,9.5,,2.75,1.35,27.8,33.3,,50,4,"1000 AGL (operational altitude), 9100 ASL (max flight ceiling)","3300, 30000",,,,,piston engine,,[58],[59],,
BlueBird ThunderB,32,4,4.00,1.9,21.6,37,,150,24,"900, 4900","3000 AGL (best operational altitude), 16000 ASL (max flight ceiling)",,,,,,,[60],[61],,
Boeing A160T Hummingbird,2950,1135,,10.7,,85,,4167,20+,"6000, 9100","20000 (hover altitude), 30000 (max cruise ceiling)",,,,11,,rotary-wing,[118],,,
Boeing Insitu RQ-21 Blackjack,61,17,4.90,2.5,31,46,,93,16+,5900 (ceiling),19500,,,,,reciprocating engine,,[10],[11],,
Boeing Insitu ScanEagle,20,,3.11,1.37,25,41,,,24+,5950 (ceiling),19500,Airfoil: Semi-Semetrical 13.75% wing,12.4,0.25,,2-stroke engine,,[12],[13],,
Bramor C4EYE,4.5,,2.30,0.96,16,22,,40,3,5000 AMSL (service ceiling),16500,,,,,Electric Engine,,[82],,,
C-Astral Atlas C4EYe,2.7,,1.55,0.75,15,30,,90,1.5,5000 AMSL (service ceiling),16500,,,,,Electric Engine,,[81],,,
Chengdu Pterodactyl I (Wing Loong),1100,200,14.00,9.05,,77.8,,4000,20,5000 (max operating altitude),16500,,,,,,,[45],,,
CTRM Aludra MK1,200,25,6.10,4.6,28.3,61.1,,50,3,3600,12000 (max altitude),NACA 4415,8.23,0.6,,50 hp gas engine,,[71],[72],,
CTRM Aludra SR-08,2.1,,0.81,0.425,18-36,,,15,1.67,4000 ASL (altitude),13000,NACA 4415,,,,Electric Engine,,[69],[70],,
CTRM Intisar 300,,2,,1.6,,19.4,,15,1.5,2000 ASL (altitude),6500,,,,1.77,gas / electric,rotary-wing,[122],,,
Delair DT26M,15,,3.30,1.6,15.8,,,50,2.25,3000 (ceiling),10000,,,,,,,[109],,,
Delair UX 11,1.5,,1.10,,15,,,53,1,6000 MSL (max altitude),20000,,,,,battery,,[107],[108],,
DJI Agras MG-1,24.5,,,1.5,8,22,,,0.4,,,,,,0.5,,rotary-wing,[142],,,
DJI Agras T16,40.5,,,2.5,7,10,,,0.3,2000 (service ceiling),6500,R3390,,,0.8,battery,rotary-wing,[141],,,
DRDO Nishant,275,45,6.57,4.63,34.7-41.7,51.4,,160,4.5,3600 (service ceiling),12000,,,,,Wankel engine,,[54],,,
eBee Classic,0.69,,0.96,,11-25,,,33,0.83,,,,,,,,,[85],,,
Elbit Hermes 900,1180,350,15.00,8.7,30.9,61.7,25.7,4200,36,9100,30000 (service ceiling),,16,0.937,,115 hp engine,,[63],[64],[65],
EMT Aladin,4,,1.46,1.57,12.5,25,,15,1,"300 AGL (max flight altitude), 4500 ASL (ceiling)","1000, 15000",,8,0.18,,electric engine,,[34],[35],[24],
EMT Luna,40,,4.17,2.36,19,,,100,6,5000,16500,,,,,fuel injection engine,,[51],,,
FLIR Black hornet PRS,0.033,,,0.168,6,,,2,0.4,,,,,,0.123,,rotary-wing,[28],,,
General Atomics Grey Eagle,1633,488,17.00,8.5,69.4,85.9,,4630,25,8900,29000 (max altitude),,,,,165 hp Fuel engine,,[101],[102],[103],
General Atomics MQ-1B Predator,"1,020",204,16.80,8.22,36,60,,1250,24,7620 (ceiling),25000,Drela GW-19/GW-25,19,0.9,,4-cylinder engine,,[5],[6],[7],
General Atomics MQ-9 Reaper,4760,1701,20.10,11,103,134,,1850,14,15000,50000 (ceiling),Drela GW-19/GW-25,12,1.2,,turboprop engine,,[128],[129],[130],[131]
GIDS Shahpar,480,50,6.60,4.2,41.7,,,250,7,5000 (max operating altitude),16500,,,,,,,[74],,,
Honeywell RQ-16 T-Hawk,8.4,0.45,,0.35,20.6,,,,0.83,3000,10000 (max altitude),,,,,,rotary-wing,[126],[127],,
Hydra Technologies Ehecati S4,55,9,3.70,,19.5,46.3,,,8,4572,15000 (ceiling),,,,,,,[73],,,
IAI BIRD-EYE 650,11,1.2,3.00,1,20.6,36,,20,4,460,1500 AGL,,,,,electrical powerplant,,[52],[53],,
IAI Searcher Mk III,450,120,8.55,5.85,31-41,57,,350,20,6400 (altitude),21000,Roncz Airfoil,,,,gasoline engine,,[33],[6],,
IDS IA-17,27.5,2.5,2.80,1.27,,44.4,,80,5,4500 (operational ceiling),15000,,,,,Gasoline engine,,[66],,,
Indonesian Aerospace Wulung,125,35,6.34,4.42,30.9,51.4,,120,4,1700,5500 (max cruising altitude),,,,,22HP piston engine,,[55],[56],,
Innocon Micro Falcon LE,10,2,2.00,,18-33.4,,,40,4,4600,15000 (ceiling),,,,,,,[62],,,
InstantEye M-3,0.25,,,0.3,9,,,9,0.5,3700,12000 MSL (service ceiling),,,,,battery,rotary-wing,[140],,,
Leonardo Company Crex-B,2.1,,1.70,0.45,10,30.6,,10,1.25,"500 AGL (operational), 3100 ASL (max)","1650, 10200",,,,,electrical propulsion,,[67],,,
Leonardo Company Mirach 40,70,15,1.50,2.5,,200,,,1,8000 (max operating altitude),26000,,,,,,,[68],,,
Lipan M3,60,20,4.60,3.55,41.7,47.2,,40,5,2000,6500,,,,,,,[41],[42],,
Lockheed Martin Condor XEP,8.3,2.3,3.70,,,23.2,,,6+,5200,17000 (max altitude),,,,,battery,,[100],,,
Lockheed Martin Sky Spirit ER,81.8,34.1,4.88,3.1,51.4,,,92.6,22,4900,16000 (max altitude),,,,,,,[136],,,
Lockheed Martin Stalker XE,10.9,2.5,3.70,,15.6,20.1,,,8+,3700,12000 (max altitude),,,,,Fuel cell or rechargable battery,,[98],[99],,
MaritimeRobotiocs PX-31,22,7,3.20,3.2,25,40,14,,10,6100 (operational ceiling),20000,,,,,,,[14],,,
MartinUAV V-Bat,37.2,3.6,2.74,2.4,23.2,46.3,,563,8+,4500,15000 (ceiling),,,,,gasoline engine,,[97],,,
MMIST CQ-10A Snow Goose,635,272,2.00,2.9,,17,,296,19,5500,18000 (ceiling),,,,,,,[134],,,
NCIST Cardinal II,5.5,,1.30,1.9,15.3,,,8,1,,,,,,,electric engine,,[86],[87],,
Northrop Grumman Bat UAS,159,56.6,4.26,2,33.4,47.3,,,18,5200,17000 MSL (ceiling),,,,,Fuel engine,,[96],,,
Northrop Grumman MQ8-B Fire Scout,1428.8,,,9.2,41.2,43.7,,200,8,"3900, 6000","12500 (service), 20000 (max)",,,,8.4,turboshaft engine,rotary-wing,[132],[133],,
Northrop Grumman RQ-4 Block 30 Global Hawk,"14,628",1360,39.90,14.5,159,,,22780 ,32+,18300 (max altitude),60000,NASA LRN 1015,25,1.6,,Turbofan engine,,[1],[2],[3],[4]
Nostromo Yarara W,35,9,4.00,2.5,32,40.3,17.5,50,6,4000 (ceiling),13000,,,,,Wankel engine (8HP),,[43],[44],,
Prioria Maveric,1.16,,0.75,0.91,18,23.2,9.3,15,1.5,"30, 3000","100 AGL (operating altitude), 10000 MSL (max operating)",,,,,batteries,,[27],,,
ProxDynamics PD 100-RS,0.016,,,,,10,,1,0.42,,,,,,0.12,,rotary-wing,[120],,,
Qods Mohajer-4,175,,5.30,3.64,50,55.6,,1500,7,4500,15000 (max altitude),,,,,,,[135],,,
Raytheon Coyote,5.9,,1.50,0.9,28.3,36,,130,2,9100,30000 MSL (max deployment altitude),,,,,,,[105],[106],,
Rheinmetall DeTec KZO,161,35,3.42,2.25,42,61,,140,5.5,4000 ASL (max altitude),13000,,,,,2-cylinder engine 24kW,,[31],,,
Saxon Viper M10,20,11,3.00,,22.2,34.7,11.4,100,8,,,,,,,Electric / Gas,,[117],,,
Skyfront Perimeter 8,19,5.5,,2,9.7,15.8,,177,5,,,,,,,,rotary-wing,[139],,,
Sperwer A Mk II,,50,4.20,3.5,46.3,,,200,6,4572 (ceiling),15000 (ceiling),,,,,,,[50],,,
ST Aerospace Skyblade III,5,1,2.60,1.4,12.9,18,10.8,8,1,450,1500 AGL (max operating altitude),,,,,,,[79],[80],,
Sunbirds SB4 Phoenix Solar,3.5,,3.20,1.62,11.1,,,290,all day long,,,,,,,battery,,[115],,,
Sunbirds Tigerwing,2.8,,1.80,1.4,9.7,,,64,1.5,450 AGL (flight altitude),1500,,,,,battery,,[114],,,
TAI Anka ,1600,200,17.30,8,56.6,,,200,24,9100,30000 ASL (service ceiling),,,,,155 hp fuel engine,,[94],[95],,
Tekever AR4 Evo,4,1,2.10,1.35,15,15,,,2,,,,,,,,,[77],,,
Tekever AR5,180,50,7.30,4,27.8,,,,20,,,,,,,,,[78],,,
Textron Systems Aerosonde Fixed Wing,45.5,9.1,3.70,,23-33,,,140,14,4572 (ceiling),15000,,,,,1-cylinder engine 3kW,,[32],,,
Thales Fulmar X,20,8,3.00,1.2,27.8,,,800,12,3000 (altitude),10000,,,,,,,[84],,,
Threod Eos C,13,1.5,4.76,1.83,14,28,,50,3,3000 ASL (max height),10000,,,,,electrical motor,,[46],[47],,
Threod Stream C,40,6,3.90,2.3,22-28,36,,150,6,3000 (operational altitude),9843 (operational altitude),,,,,,,[48],[49],,
Topcon Sirius Pro,2.7,,1.63,1.2,18.1,,,,0.83,750 (max typ flight altitude),2500,,,,,battery,,[113],,,
UAV Factory Penguin B,21.5,10,3.30,2.27,22,36,13,,20+,5000 (service ceiling),16500,,13.8,0.24,,fuel injection engine,,[15],[16],,
Uconsystem Remo M-002,3.5,,1.80,1.44,,22.2,,10,1.5,,,,,,,electric engine,,[110],,,
V-200 Skeldar,235,,,4,,41.7,,200,5+,3000 (service ceiling),10000,,,,4.6,heavy fuel engine,rotary-wing,[121],,,
WB Group FLYEYE mini UAV,11,4,3.60,1.9,,33.3,,30,2.5,4000 ASL (max altitude),13000,,,,,electric engine,,[75],,,
WB Group FT-5 LOS Tactical UAV,85,30,6.40,3.1,,50,21.1,180,12,5000 ASL (max ceiling),16500,,,,,2 Combustion engines,,[76],,,
XY Aviations FT-25D,90,10,2.50,3,97.2,125,,,0.45,5000 (flight altitude),16500,,4.8,0.52,,2 turbojet engines,,[138],,,
XY Aviations H-150,105,20,4.90,2.92,36.1,47.2,,,4,3000 (flight altitude),10000,,12,0.4,,22 hp engine,,[137],,,
